,ciudad,codproyecto,direccion,latitud,longitud,geometry
216,Bogota,C90123,"Vía Siberia Km. 9,5",4.783698, -74.189846,POINT (4.783698 -74.189846)
241,Bogota,C90148,Cr. 1A # 11-130 Chía,4.856550, -74.049038,POINT (4.85655 -74.049038)
249,Bogota,C90156,Cr. 116 # 23-31,4.689472, -74.148386,POINT (4.689472 -74.148386)
293,Bogota,C90200,Km 19 Vía Bogotá Mosquera,4.714264, -74.242264,POINT (4.714264 -74.24226400000001)
294,Bogota,C90201,Km 19 Vía Bogotá Mosquera,4.714264, -74.242264,POINT (4.714264 -74.24226400000001)
377,Bogota,C90286,Vía Funza Siberia,4.747641, -74.163211,POINT (4.747641 -74.163211)
416,Bogota,C90326,Km 19 Vía Bogotá Mosquera,4.714264, -74.242264,POINT (4.714264 -74.24226400000001)
460,Bogota,C90370,Mosquera,4.723736, -74.240857,POINT (4.723736 -74.24085700000001)
506,Bogota,C90422,Km. 3.3 vía Siberia-Funza,4.737684, -74.179565,POINT (4.737684 -74.179565)
507,Bogota,C90423,Km. 3.3 vía Siberia-Funza,4.737684, -74.179565,POINT (4.737684 -74.179565)
517,Bogota,C90434,Km. 1 Variante Madrid vía Mosquera,4.719598, -74.238371,POINT (4.719598 -74.238371)
519,Bogota,C90436,100 mts adelante del peaje La Tebaida,4.750661, -74.180103,POINT (4.750661 -74.180103)
537,Bogota,C90455,Calle 12B # 71D-61,4.645248, -74.129734,POINT (4.645248 -74.129734)
553,Bogota,C90473,Cra 36 # 8-442 Zipaquirá,5.029288, -73.980929,POINT (5.029288 -73.980929)
554,Bogota,C90474,Cra 36 # 8-442 Zipaquirá,5.029288, -73.980929,POINT (5.029288 -73.980929)
584,Bogota,C90504,Vía Troncal de Occidente Calle 13,4.697509, -74.220013,POINT (4.697509 -74.22001299999999)
591,Bogota,C90511,Av. Suba con Ciudad de Cali,4.745867, -74.096194,POINT (4.745867 -74.096194)
597,Bogota,C90517,Cra. 27 # 21-75,4.618963, -74.086896,POINT (4.618963 -74.086896)
602,Bogota,C90522,"Vía Cota-Siberia, 1,5 kms antes del round point Siberia",4.774726, -74.143902,POINT (4.774726 -74.143902)
608,Bogota,C90528,Vìa Bogotà Siberia- Frente Spring,4.753137, -74.143978,POINT (4.753137 -74.143978)
611,Bogota,C90531,Entrada Jaime Duque Entrada Ind.Crown ,4.964482, -73.961153,POINT (4.964482 -73.961153)
615,Bogota,C90535,Av. Santa Fé Cl. 50 Sur,4.665867, -74.136400,POINT (4.665867 -74.13639999999999)
616,Bogota,C90536,Cl. 53 Sur # 79C-50,4.614762, -74.171741,POINT (4.614762 -74.171741)
628,Bogota,C90548,Cra. 68 con Cl. 95,4.686910, -74.076671,POINT (4.68691 -74.076671)
630,Bogota,C90550,Av. El Dorado con Ciudad de Cali # 51-66,4.680943, -74.117162,POINT (4.680943 -74.11716199999999)
636,Bogota,C90556,Av. Boyacá con Cl. 80,4.694831, -74.086126,POINT (4.694831 -74.08612599999999)
643,Bogota,C90563,Clle.78 # 11-43,4.662648, -74.055308,POINT (4.662648 -74.055308)
646,Bogota,C90566,Cr. 54 con 127,4.709304, -74.062520,POINT (4.709304 -74.06252000000001)
650,Bogota,C90570,Km. 2 Autop. Medellín Costado Sur,4.743241, -74.140184,POINT (4.743241 -74.140184)
655,Bogota,C90575,Ac.26 # 57-41,4.645230, -74.099075,POINT (4.64523 -74.099075)
656,Bogota,C90576,Ac.26 # 57-41,4.645230, -74.099075,POINT (4.64523 -74.099075)
657,Bogota,C90577,Vía Parque Jaime Duque,4.964482, -73.961153,POINT (4.964482 -73.961153)
660,Bogota,C90580,Cl.153 Entre Autop Norte y Av. Boyacá,4.739492, -74.057307,POINT (4.739492 -74.05730699999999)
661,Bogota,C90581,Cl.153 Entre Autop Norte y Av. Boyacá,4.739492, -74.057307,POINT (4.739492 -74.05730699999999)
668,Bogota,C90588,Cr. 7 # 156-80/78,4.731978, -74.023552,POINT (4.731978 -74.023552)
669,Bogota,C90589,Cl. 66 # 7-28,4.650128, -74.058899,POINT (4.650128 -74.058899)
670,Bogota,C90590,Calle 93 con 12,4.675300, -74.049183,POINT (4.6753 -74.049183)
672,Bogota,C90593,Vereda Canavita Tocancipa,4.940373, -73.944123,POINT (4.940373 -73.944123)
673,Bogota,C90594,Sobre Vía Round Point Siberia antes peaje,4.739590, -74.161321,POINT (4.73959 -74.161321)
675,Bogota,C90596,Av. 26 Al lado Puente áereo,4.689805, -74.130433,POINT (4.689805 -74.130433)
676,Bogota,C90597,Av. 26 Al lado Puente áereo,4.689805, -74.130433,POINT (4.689805 -74.130433)
677,Bogota,C90598,Av. El Dorado (Cl. 26) con Cra. 92,4.683150, -74.119621,POINT (4.68315 -74.119621)
678,Bogota,C90599,Cl. 93 # 17-45,4.677469, -74.053523,POINT (4.677469 -74.053523)
680,Bogota,C90601,Cr. 13 # 93A-21,4.677047, -74.049288,POINT (4.677047 -74.049288)
684,Bogota,C90607,Cl. 98 # 10-46,4.681182, -74.043752,POINT (4.681182 -74.043752)
687,Bogota,C90610,Autop. Chia-Cajicá Costado Occidental,4.884918, -74.036987,POINT (4.884918 -74.036987)
691,Bogota,C90614,Av. Cl. 24 # 95A-80,4.677193, -74.129488,POINT (4.677193 -74.12948799999999)
699,Bogota,C90629,Cr. 45A con 94,4.683209, -74.058821,POINT (4.683209 -74.05882099999999)
704,Bogota,C90641,Transv. 23 # 95-35,4.683627, -74.056706,POINT (4.683627 -74.05670600000001)
706,Bogota,C90643,Av. Suba con calle 103B,4.691055, -74.066202,POINT (4.691055 -74.066202)
707,Bogota,C90644,Diag. 24C # 96-25,4.680981, -74.128751,POINT (4.680981 -74.12875099999999)
709,Bogota,C90651,Cra. 70C # 96 - 95,4.694369, -74.078944,POINT (4.694369 -74.07894400000001)
714,Bogota,C90657,Km. 0 + 200 mts Vía Madrid Subachoque,4.742629, -74.256382,POINT (4.742629 -74.256382)
715,Bogota,C90658,Km.1 del Peaje de La Troncal de Occ.,4.700217, -74.191054,POINT (4.700217 -74.19105399999999)
721,Bogota,C90674,Vereda Portoachuelo Finca la Fagüita- vía Zipaquirá,4.996062, -74.001077,POINT (4.996062 -74.001077)
722,Bogota,C90675,Vereda Portoachuelo Finca la Fagüita- vía Zipaquirá,4.996062, -74.001077,POINT (4.996062 -74.001077)
723,Bogota,C90676,Vereda Portoachuelo Finca la Fagüita- vía Zipaquirá,4.996062, -74.001077,POINT (4.996062 -74.001077)
725,Bogota,C90678,Cl. 99 # 48-06,4.687013, -74.060534,POINT (4.687013 -74.060534)
727,Bogota,C90680,Cl. 106 # 56-39,4.694627, -74.063385,POINT (4.694627 -74.063385)
730,Bogota,C90683,Av. Cra. 7 # 127-87,4.703491, -74.028929,POINT (4.703491 -74.02892900000001)
731,Bogota,C90684,Av. Cra. 7 # 127-87,4.703491, -74.028929,POINT (4.703491 -74.02892900000001)
732,Bogota,C90685,Cl. 123 # 7A-51,4.698810, -74.030984,POINT (4.69881 -74.030984)
733,Bogota,C90686,Cl.93 # 19B-16,4.679175, -74.056220,POINT (4.679175 -74.05622)
734,Bogota,C90687,Autop. Norte 630 mts antes de la planta Bavaria Sentido Sur-Norte,4.944958, -73.953169,POINT (4.944958 -73.953169)
735,Bogota,C90688,Autop. Norte 630 mts antes de la planta Bavaria Sentido Sur-Norte,4.944958, -73.953169,POINT (4.944958 -73.953169)
736,Bogota,C90689,Autop. Norte 630 mts antes de la planta Bavaria Sentido Sur-Norte,4.944958, -73.953169,POINT (4.944958 -73.953169)
737,Bogota,C90690,Ciudad Verde,4.611943, -74.221017,POINT (4.611943 -74.221017)
740,Bogota,C90694,Cl. 26 Occidente 68 (lote Actual Xerox),4.660122, -74.106794,POINT (4.660122 -74.10679399999999)
744,Bogota,C90698,Entrada Parque Florida 700 mts ,4.732403, -74.151981,POINT (4.732403 -74.15198100000001)
745,Bogota,C90699,Cl. 100 - 101 entre Cras. 7 a 8B,4.680884, -74.038148,POINT (4.680884 -74.03814800000001)
746,Bogota,C90700,Cr. 7 # 23-85,4.610068, -74.070360,POINT (4.610068 -74.07035999999999)
747,Bogota,C90701,Cr. 7 # 23-85,4.610068, -74.070360,POINT (4.610068 -74.07035999999999)
751,Bogota,C90705,Cl 96 11B-13,4.679943, -74.046742,POINT (4.679943 -74.04674199999999)
752,Bogota,C90706,K.m 1.5 vía Chia-Cajicá Costado Oriental,4.884929, -74.035614,POINT (4.884929 -74.035614)
753,Bogota,C90707,Av. 19 Cl. 95-12,4.683210, -74.052279,POINT (4.68321 -74.052279)
754,Bogota,C90708,Cra. 106 # 15A-25,4.675155, -74.155018,POINT (4.675155 -74.155018)
756,Bogota,C90710,Av. NQS con Cl. 102,4.686198, -74.046571,POINT (4.686198 -74.046571)
759,Bogota,C90715,Cl. 116 # 21-24,4.699314, -74.052970,POINT (4.699314 -74.05297)
762,Bogota,C90718,K.m. 2 Vía Chia-Cajicá -Farmatodo,4.877807, -74.037230,POINT (4.877807 -74.03722999999999)
763,Bogota,C90719,K.m. 2 Vía Chia-Cajicá -Farmatodo,4.877807, -74.037230,POINT (4.877807 -74.03722999999999)
764,Bogota,C90720,Cra. 13A # 98-75,4.683292, -74.047076,POINT (4.683292 -74.047076)
765,Bogota,C90721,Cra. 7 # 120-20,4.696808, -74.031159,POINT (4.696808 -74.031159)
766,Bogota,C90722,Cra. 7 # 120-20,4.696808, -74.031159,POINT (4.696808 -74.031159)
770,Bogota,C90726,Diag. 24C # 96-25,4.680981, -74.128751,POINT (4.680981 -74.12875099999999)
772,Bogota,C90729,Cl. 106 # 54-14,4.694861, -74.063681,POINT (4.694861 -74.063681)
773,Bogota,C90730,Av. Suba con Av. C. de Cali,4.745867, -74.096194,POINT (4.745867 -74.096194)
774,Bogota,C90740,Cra. 47 A # 95-54,4.684766, -74.060165,POINT (4.684766 -74.060165)
775,Bogota,C90741,Cra. 7 con Cll. 117 Costado Oriental,4.694882, -74.032313,POINT (4.694882 -74.032313)
776,Bogota,C90742,Cl. 96 Cra. 11,4.680142, -74.044422,POINT (4.680142 -74.044422)
777,Bogota,C90743,Cl. 96 Cra. 11,4.680142, -74.044422,POINT (4.680142 -74.044422)
778,Bogota,C90744,Cra. 7A # 123-27,4.699510, -74.030931,POINT (4.69951 -74.030931)
781,Bogota,C90747,Km. 2 Autop. Medellín Costado Sur,4.743154, -74.140332,POINT (4.743154 -74.140332)
782,Bogota,C90748,Km. 2 Autop. Medellín Costado Sur,4.743154, -74.140332,POINT (4.743154 -74.140332)
783,Bogota,C90749,Av. Cl. 82 # 9-65,4.665563, -74.051287,POINT (4.665563 -74.051287)
784,Bogota,C90750,Km.1 del Peaje de La Troncal de Occ.,4.701919, -74.190925,POINT (4.701919 -74.19092499999999)
785,Bogota,C90751,Cra. 62 y 65 entre Calle 12 y 13,4.631762, -74.116450,POINT (4.631762 -74.11645)
786,Bogota,C90752,Cl. 100 con Cra. 21,4.686126, -74.055241,POINT (4.686126 -74.055241)
787,Bogota,C90753,Vereda Canavita Municipio Tocancipá,4.938563, -73.937937,POINT (4.938563 -73.93793700000001)
788,Bogota,C90754,Av. El Dorado con Cra. 92,4.684850, -74.118777,POINT (4.68485 -74.11877699999999)
789,Bogota,C90755,Av. El Dorado con Cra. 92,4.683916, -74.120647,POINT (4.683916 -74.12064700000001)
790,Bogota,C90756,Av. El Dorado con Cra. 92,4.682763, -74.120176,POINT (4.682763 -74.120176)
791,Bogota,C90757,Av. El Dorado con Cra. 92,4.685472, -74.119697,POINT (4.685472 -74.119697)
792,Bogota,C90758,Av. El Dorado con Cra. 92,4.683900, -74.118538,POINT (4.6839 -74.118538)
793,Bogota,C90759,Vía Cajicá-Zipaquirá,4.972293, -74.004259,POINT (4.972293 -74.004259)
794,Bogota,C90760,Cl. 98A # 51-64,4.686723, -74.062146,POINT (4.686723 -74.062146)
797,Bogota,C90763,Cl. 140 Cra. 12 Costado Sur,4.720424, -74.039127,POINT (4.720424 -74.03912699999999)
799,Bogota,C90765,Cra. 96 # 25g-40,4.682877, -74.123987,POINT (4.682877 -74.123987)
800,Bogota,C90766,Cl. 126 # 7-25,4.700794, -74.029328,POINT (4.700794 -74.02932800000001)
801,Bogota,C90767,Av. Cl. 26 #96J-03,4.685692, -74.126916,POINT (4.685692 -74.12691599999999)
802,Bogota,C90768,Autop. Medellín- Km. 5 Vereda Jacalito,4.793209, -74.182523,POINT (4.793209 -74.182523)
804,Bogota,C90770,Vía Sibería-Funza,4.769793, -74.171240,POINT (4.769793 -74.17124)
805,Bogota,C90771,Cr. 16 # 93-78/84,4.677825, -74.052270,POINT (4.677825 -74.05226999999999)
806,Bogota,C90772,Paralela Autopista Norte con calle 116 Costado Oriental,4.699030, -74.054709,POINT (4.69903 -74.054709)
808,Bogota,C90774,Cra. 96 # 25g-40,4.682877, -74.123987,POINT (4.682877 -74.123987)
809,Bogota,C90775,Av. Cl. 26 #96J-03,4.685692, -74.126916,POINT (4.685692 -74.12691599999999)
810,Bogota,C90776,Entre la Av. De las Américas y Calle 13 con Cr. 56,4.629083, -74.111604,POINT (4.629083 -74.111604)
811,Bogota,C90777,Entre la Av. De las Américas y Calle 13 con Cr. 56,4.630110, -74.110736,POINT (4.63011 -74.110736)
812,Bogota,C90778,Entre la Av. De las Américas y Calle 13 con Cr. 56,4.630110, -74.110736,POINT (4.63011 -74.110736)
813,Bogota,C90779,Entre la Av. De las Américas y Calle 13 con Cr. 56,4.628666, -74.112118,POINT (4.628666 -74.112118)
814,Bogota,C90780,Entre la Av. De las Américas y Calle 13 con Cr. 56,4.628666, -74.112118,POINT (4.628666 -74.112118)
815,Bogota,C90781,Entre la Av. De las Américas y Calle 13 con Cr. 56,4.629083, -74.111604,POINT (4.629083 -74.111604)
816,Bogota,C90782,Km. 3 Vía Chia - Cajicá,4.901545, -74.030324,POINT (4.901545 -74.03032399999999)
817,Bogota,C90783,Km. 3 Vía Chia - Cajicá,4.901545, -74.030324,POINT (4.901545 -74.03032399999999)
818,Bogota,C90784,Km. 3 Vía Chia - Cajicá,4.901545, -74.030324,POINT (4.901545 -74.03032399999999)
819,Bogota,C90785,Cl. 85 # 12-70,4.669066, -74.053244,POINT (4.669066 -74.05324400000001)
820,Bogota,C90787,Av. Cra. 45 # 114-50,4.698409, -74.054785,POINT (4.698409 -74.054785)
821,Bogota,C90788,Av. Cra. 45 # 114-50,4.698409, -74.054785,POINT (4.698409 -74.054785)
825,Bogota,C90792,Av. Cl. 127  # 20 - 30,4.706447, -74.050885,POINT (4.706447 -74.05088499999999)
827,Bogota,C90794,Cl 28 # 13A-24,4.617030, -74.071203,POINT (4.61703 -74.071203)
829,Bogota,C90796,Km. 15 Vía Chia-Cajicá,4.906696, -74.028792,POINT (4.906696 -74.028792)
831,Bogota,C90798,Km 28 Vía Cajicá 50 mts antes de San Jeronimo,4.908893, -74.028515,POINT (4.908893 -74.028515)
832,Bogota,C90799,Cr. 13 Cl. 54-55,4.641963, -74.065158,POINT (4.641963 -74.065158)
833,Bogota,C90800,Cr. 13 Cl. 54-55,4.641963, -74.065158,POINT (4.641963 -74.065158)
834,Bogota,C90801,Cr. 9 Cl. 127C-56,4.708011, -74.032570,POINT (4.708011 -74.03257000000001)
835,Bogota,C90802,Cr. 18a # 127-53 ,4.704566, -74.046970,POINT (4.704566 -74.04697)
836,Bogota,C90803,Km. 29 Vía Chia-Cajicá,4.890938, -74.034438,POINT (4.890938 -74.03443799999999)
840,Bogota,C90807,Cr. 11B # 96-36,4.682157, -74.045187,POINT (4.682157 -74.045187)
843,Bogota,C90810,Cl 134 # 55-30,4.723523, -74.061823,POINT (4.723523 -74.061823)
844,Bogota,C90811,Cr 7 bis # 126 - 84,4.682763, -74.120176,POINT (4.682763 -74.120176)
845,Bogota,C90812,Cl 99 # 14-49,4.683622, -74.048282,POINT (4.683622 -74.048282)
846,Bogota,C90813,Cl 99 # 14-49,4.683622, -74.048282,POINT (4.683622 -74.048282)
847,Bogota,C90814,Cr 7 # 33 - 91,4.621277, -74.067373,POINT (4.621277 -74.067373)
849,Bogota,C90816,Cr 11a # 93 - 35,4.675330, -74.048313,POINT (4.67533 -74.04831299999999)
850,Bogota,C90817,Cr 58d # 145- 51,4.733084, -74.066715,POINT (4.733084 -74.066715)
851,Bogota,C90818,Eje Chia Cajicá vereda Canelon,4.892290, -74.035372,POINT (4.89229 -74.035372)
852,Bogota,C90819,Eje Chia Cajicá vereda Canelon,4.892290, -74.035372,POINT (4.89229 -74.035372)
854,Bogota,C90821,Cl. 86b # 49d - 34,4.677576, -74.066195,POINT (4.677576 -74.06619499999999)
855,Bogota,C90822,Cl. 86b # 49d - 34,4.677576, -74.066195,POINT (4.677576 -74.06619499999999)
856,Bogota,C90823,Cr. 85d # 46a - 65 ,4.678838, -74.115806,POINT (4.678838 -74.11580600000001)
857,Bogota,C90824,Cl. 63 # 83 -34,4.684504, -74.114497,POINT (4.684504 -74.114497)
858,Bogota,C90825,Cl. 63 # 83 -34,4.684504, -74.114497,POINT (4.684504 -74.114497)
859,Bogota,C90826,Cl. 93 # 17-18,4.677703, -74.053468,POINT (4.677703 -74.053468)
860,Bogota,C90827,Cr. 7 # 156-80/78,4.731390, -74.023570,POINT (4.73139 -74.02357000000001)
861,Bogota,C90828,Via Siberia Funza Km 1,4.755090, -74.162317,POINT (4.75509 -74.162317)
862,Bogota,C90829,Cl. 100 - 101 entre Cras. 7 a 8B,4.680884, -74.038148,POINT (4.680884 -74.03814800000001)
864,Bogota,C90831,Km 6.3 Via Bogotá Siberia,4.765117, -74.165474,POINT (4.765117 -74.165474)
865,Bogota,C90832,Km 7.5 Autopista Medellin,4.770204, -74.176156,POINT (4.770204 -74.17615600000001)
866,Bogota,C90833,Km 7.5 Autopista Medellin,4.770204, -74.176156,POINT (4.770204 -74.17615600000001)
867,Bogota,C90834,Av. 19 # 125- 57,4.704915, -74.049125,POINT (4.704915 -74.049125)
869,Bogota,C90836,Cl. 93 # 19B - 67,4.679168, -74.056856,POINT (4.679168 -74.056856)
870,Bogota,C90837,Cl. 100 # 13 -95,4.683885, -74.047171,POINT (4.683885 -74.04717100000001)
871,Bogota,C90838,Cl. 27 # 13a -58,4.616572, -74.071732,POINT (4.616572 -74.071732)
872,Bogota,C90839,Cl. 27 # 13a -58,4.616572, -74.071732,POINT (4.616572 -74.071732)
874,Bogota,C90841,Km 20 Via a Madrid,4.726092, -74.255201,POINT (4.726092 -74.255201)
875,Bogota,C90842,Cr 14 # 127-45,4.704270, -74.041719,POINT (4.70427 -74.041719)
877,Bogota,C90844,Autosur Frente est. San Mateo,4.587799, -74.205832,POINT (4.587799 -74.205832)
878,Bogota,C90845,Km.1 del Peaje de La Troncal de Occ.,4.702585, -74.190824,POINT (4.702585 -74.19082400000001)
879,Bogota,C90846,Cl.13 con Av Boyacá Costado Occidental,4.651497, -74.127216,POINT (4.651497 -74.127216)
881,Bogota,C90848,Cl. 126 # 7a-52,4.688973, -74.041700,POINT (4.688973 -74.04170000000001)
882,Bogota,C90849,Km 1.5 Viá Bogotá Siberia ,4.737763, -74.134242,POINT (4.737763 -74.134242)
883,Bogota,C90850,Km 1.2 Via Siberia Funza Costado Oriental,4.742007, -74.174848,POINT (4.742007 -74.174848)
884,Bogota,C90851,Km 2.3 via Cerrito Frente al Parque la Florida,4.731078, -74.155596,POINT (4.731078 -74.155596)
885,Bogota,C90852,Km 7 Autopista Medellin Bogotá Siberia,4.766863, -74.167968,POINT (4.766863 -74.167968)
886,Bogota,C90853,Av. 68 # 75a -50,4.680205, -74.082644,POINT (4.680205 -74.082644)
887,Bogota,C90854,Av Terreros con Tranv 6. Soacha,4.588046, -74.196137,POINT (4.588046 -74.19613699999999)
888,Bogota,C90855,Cr 15 # 93a -62,4.678394, -74.050927,POINT (4.678394 -74.050927)
889,Bogota,C90856,Cl. 90 # 17-31,4.675143, -74.054747,POINT (4.675143 -74.05474700000001)
890,Bogota,C90857,Av. 9 # 106-35,4.688973, -74.041700,POINT (4.688973 -74.04170000000001)
891,Bogota,C90858,Cl. 79a # 18-57,4.667146, -74.059596,POINT (4.667146 -74.059596)
892,Bogota,C90859,Cr. 18 # 80-32,4.667444, -74.058498,POINT (4.667444 -74.058498)
893,Bogota,C90860,Autop. Norte Cr 45 # 118 -82,4.701980, -74.054135,POINT (4.70198 -74.054135)
894,Bogota,C90861,Km 7.5 Autopista Medellin,4.771175, -74.176011,POINT (4.771175 -74.176011)
895,Bogota,C90862,Km 7.5 Autopista Medellin,4.771175, -74.176011,POINT (4.771175 -74.176011)
896,Bogota,C90863,Av. 68 # 75a -50,4.680205, -74.082644,POINT (4.680205 -74.082644)
897,Bogota,C90864,Cr. 78 # 17-55,4.654534, -74.130988,POINT (4.654534 -74.130988)
899,Bogota,C90866,"Km 1,6 vía Siberia Ténjo",4.774833, -74.158842,POINT (4.774833 -74.15884200000001)
900,Bogota,C90867,Cr 7 # 180 - 30,4.756956, -74.024617,POINT (4.756956 -74.02461700000001)
901,Bogota,C90868,Cr 7 bis # 139 - 42,4.716727, -74.031696,POINT (4.716727 -74.031696)
902,Bogota,C90869,Cl. 106 # 23 - 61,4.693262, -74.055643,POINT (4.693262 -74.055643)
904,Bogota,C90871,Cl. 25g # 73b  - 90,4.668688, -74.113965,POINT (4.668688 -74.11396499999999)
905,Bogota,C90872,Cl. 140 # 11 45,4.718849, -74.035761,POINT (4.718849 -74.03576099999999)
906,Bogota,C90873,Cl. 100 # 49 -19,4.687590, -74.061290,POINT (4.68759 -74.06129)
908,Bogota,C90875,Av Boyaca Cl. 13,4.646742, -74.128420,POINT (4.646742 -74.12842000000001)
909,Bogota,C90876,Cl. 90 # 18- 39,4.675362, -74.055262,POINT (4.675362 -74.055262)
910,Bogota,C90877,Cl. 120a # 7 - 42,4.697709, -74.031808,POINT (4.697709 -74.031808)
911,Bogota,C90878,Autopista Troncal de Occidente Km 6,4.700011, -74.223514,POINT (4.700011 -74.22351399999999)
912,Bogota,C90879,Vía Funza Siberia,4.752285, -74.158698,POINT (4.752285 -74.158698)
913,Bogota,C90880,Cl. 140 # 11 45,4.718849, -74.035761,POINT (4.718849 -74.03576099999999)
914,Bogota,C90881,Cr. 13 # 97-97,4.682225, -74.046772,POINT (4.682225 -74.046772)
915,Bogota,C90882,Cr 65 con Cl.13 Esquina,4.635205, -74.114738,POINT (4.635205 -74.114738)
916,Bogota,C90883,Cll 78 # 18-20,4.665310, -74.059746,POINT (4.66531 -74.059746)
917,Bogota,C90884,Cr 100 con Cll 26,4.687689, -74.129871,POINT (4.687689 -74.12987099999999)
918,Bogota,C90885,Cll 127 # 7 -71,4.701897, -74.029328,POINT (4.701897 -74.02932800000001)
919,Bogota,C90886,Cr 11 # 98 - 45,4.681593, -74.043663,POINT (4.681593 -74.043663)
920,Bogota,C90887,Cr 11 # 98 - 45,4.681593, -74.043663,POINT (4.681593 -74.043663)
921,Bogota,C90888,Cr 4 # 5a -18 Chía,4.852201, -74.057401,POINT (4.852201 -74.057401)
922,Bogota,C90889,Tr.99 # 70a - 89,4.701334, -74.115976,POINT (4.701334 -74.115976)
923,Bogota,C90890,Av Boyaca # 67 -75,4.683324, -74.098425,POINT (4.683324 -74.09842500000001)
924,Bogota,C90891,Cl 90 # 16 -09,4.674740, -74.054060,POINT (4.67474 -74.05406000000001)
925,Bogota,C90892,Cl 106 # 56 -33,4.694245, -74.064850,POINT (4.694245 -74.06485000000001)
926,Bogota,C90893,Cl 6 # 38 - 74,4.615727, -74.104964,POINT (4.615727 -74.104964)
927,Bogota,C90894,Cl 13 con Cr 58 Costado Sur,4.630766, -74.111195,POINT (4.630766 -74.111195)
928,Bogota,C90895,Via Tabio Km 1.9,4.926823, -74.049654,POINT (4.926823 -74.049654)
930,Bogota,C90897,Cr 14 # 97 -62,4.682391, -74.047934,POINT (4.682391 -74.047934)
931,Bogota,C90898,Cr 16 # 93 -11,4.677319, -74.052741,POINT (4.677319 -74.052741)
932,Bogota,C90899,Cr 18 # 93 -15,4.678112, -74.054182,POINT (4.678112 -74.054182)
933,Bogota,C90900,Autonorte # 106 - 71,4.694965, -74.056355,POINT (4.694965 -74.056355)
934,Bogota,C90901,Autonorte # 106 - 71,4.694965, -74.056355,POINT (4.694965 -74.056355)
935,Bogota,C90902,Cl 65 Sur # 78h - 51,4.605195, -74.184120,POINT (4.605195 -74.18411999999999)
936,Bogota,C90903,Cl 126 # 7 - 26,4.700951, -74.029292,POINT (4.700951 -74.029292)
937,Bogota,C90904,Km 2 Vía Chia Cajicá Costado Occidental,4.883222, -74.037231,POINT (4.883222 -74.03723100000001)
938,Bogota,C90905,Km 1 Siberia Funza Costado Oriental,4.747071, -74.163911,POINT (4.747071 -74.163911)
939,Bogota,C90906,Anillo Víal Canavíta Tocancípa,4.946929, -73.936060,POINT (4.946929 -73.93606)
940,Bogota,C90907,Km 2 Vía Chia Cajicá Costado Occidental,4.883222, -74.037231,POINT (4.883222 -74.03723100000001)
941,Bogota,C90908,Km 2 Vía Chia Cajicá Costado Oriental,4.881187, -74.037314,POINT (4.881187 -74.03731399999999)
942,Bogota,C90909,Km 2 Vía Chia Cajicá Costado Oriental,4.881187, -74.037314,POINT (4.881187 -74.03731399999999)
943,Bogota,C90910,Autopista Sur Con Cr 63 (Makro),4.597768, -74.153114,POINT (4.597768 -74.153114)
944,Bogota,C90911,Km 1 Siberia Funza Costado Oriental,4.747071, -74.163911,POINT (4.747071 -74.163911)
945,Bogota,C90912,Cl 163 bis # 48 - 80,4.745581, -74.050385,POINT (4.745581 -74.05038500000001)
946,Bogota,C90913,Cl 163 bis # 48 - 80,4.745581, -74.050385,POINT (4.745581 -74.05038500000001)
947,Bogota,C90914,Km. 15 Vía Chia-Cajicá,4.905858, -74.029492,POINT (4.905858 -74.029492)
948,Bogota,C90915,Cr 5 Variante Cajicá - Zipaquirá,4.905858, -74.029492,POINT (4.905858 -74.029492)
949,Bogota,C90916,Cl. 151 # 32 - 19 ,4.747071, -74.163911,POINT (4.747071 -74.163911)
950,Bogota,C90917,Cr 7 # 127b - 15,4.704875, -74.028902,POINT (4.704875 -74.028902)
951,Bogota,C90918,Av Villavicencio con Av Gaitán Cortés,4.581417, -74.157002,POINT (4.581417 -74.15700200000001)
952,Bogota,C90919,Cr 13 # 9 - 48,4.599650, -74.080716,POINT (4.59965 -74.080716)
953,Bogota,C90920,Cl 11 # 6a -56 Chía,4.859516, -74.057193,POINT (4.859516 -74.057193)
954,Bogota,C90921,Km 3 Vía Gachancipá  Sesquile,5.012191, -73.860137,POINT (5.012191 -73.86013699999999)
955,Bogota,C90922,Km 1.4 Vía Chía Cota,4.844277, -74.080848,POINT (4.844277 -74.080848)
956,Bogota,C90923,Km 1.4 Vía Chía Cota,4.844277, -74.080848,POINT (4.844277 -74.080848)
957,Bogota,C90924,Km 1.4 Vía Chía Cota,4.844277, -74.080848,POINT (4.844277 -74.080848)
958,Bogota,C90925,Av 19 # 102 -53,4.688283, -74.051958,POINT (4.688283 -74.051958)
959,Bogota,C90926,Av 19 # 102 -53,4.688283, -74.051958,POINT (4.688283 -74.051958)
960,Bogota,C90927,Cl 134a # 19 -15,4.719097, -74.047288,POINT (4.719097 -74.04728799999999)
961,Bogota,C90928,Cl 134a # 19 -15,4.719097, -74.047288,POINT (4.719097 -74.04728799999999)
962,Bogota,C90929,Av 19 Con 127 Bis ,4.699422, -74.050046,POINT (4.699422 -74.05004599999999)
963,Bogota,C90930,Km 2 Vía Chía Cota,4.847029, -74.078403,POINT (4.847029 -74.07840299999999)
964,Bogota,C90931,Cr 21 # 24 51 Sur,4.583037, -74.106830,POINT (4.583037 -74.10683)
965,Bogota,C90932,Av Troncal de Occidente # 20- 85,4.723736, -74.240857,POINT (4.723736 -74.24085700000001)
966,Bogota,C90933,K.m. 3 Vía Siberia-Funza,4.734480, -74.184524,POINT (4.73448 -74.184524)
967,Bogota,C90934,Km.4 Autopista Bogotá Medellín ,4.754634, -74.152454,POINT (4.754634 -74.15245400000001)
968,Bogota,C90935,Km.4 Autopista Bogotá Medellín ,4.754634, -74.152454,POINT (4.754634 -74.15245400000001)
969,Bogota,C90936,Km 4 Vía Parcelas Cota,4.759731, -74.134472,POINT (4.759731 -74.134472)
970,Bogota,C90937,Km 4 Vía Parcelas Cota,4.763218, -74.136415,POINT (4.763218 -74.136415)
971,Bogota,C90938,Cl. 95 # 71 - 95,4.696495, -74.083907,POINT (4.696495 -74.083907)
972,Bogota,C90939,Cl. 22C # 132-27,4.699539, -74.160897,POINT (4.699539 -74.16089700000001)
973,Bogota,C90940,Cr. 11B # 96-36,4.682157, -74.045187,POINT (4.682157 -74.045187)
974,Bogota,C90941,Via Siberia Funza Km 1,4.755090, -74.162317,POINT (4.75509 -74.162317)
975,Bogota,C90942,"Autopista Norte. Cra 7, Costado Oriental",4.858686, -74.028073,POINT (4.858686 -74.02807300000001)
976,Bogota,C90943,Av 26  con Cr 25 Esquina.,4.621481, -74.077416,POINT (4.621481 -74.077416)
977,Bogota,C90944,Cl.12b # 9 - 40,4.601519, -74.076859,POINT (4.601519 -74.076859)
978,Bogota,C90945,Av Cr. 30 # 25a - 23,4.625796, -74.082589,POINT (4.625796 -74.082589)
979,Bogota,C90946,Cr 19 # 100 - 45,4.686802, -74.052152,POINT (4.686802 -74.05215200000001)
980,Bogota,C90947,"Km 1,6 vía Siberia Ténjo",4.774833, -74.158842,POINT (4.774833 -74.15884200000001)
981,Bogota,C90948,Av.2 # 9a -29 La Calera,4.721359, -73.965591,POINT (4.721359 -73.965591)
982,Bogota,C90949,Cr 30 # 22c 32,4.622811, -74.084248,POINT (4.622811 -74.084248)
983,Bogota,C90950,Cr 11 # 93a - 38,4.676150, -74.046577,POINT (4.67615 -74.046577)
984,Bogota,C90951,Ciudad Verde,4.604794, -74.223295,POINT (4.604794 -74.22329499999999)
985,Bogota,C90952,Tr.23 #100 - 17,4.687320, -74.056024,POINT (4.68732 -74.05602399999999)
986,Bogota,C90953,Tr.23 #100 - 17,4.687320, -74.056024,POINT (4.68732 -74.05602399999999)
987,Bogota,C90954,Variante Cota Chía 100 mts al norte de la glorieta,4.803126, -74.095955,POINT (4.803126 -74.095955)
988,Bogota,C90955,Variante Cota Chía 300 mts al norte de la glorieta,4.805251, -74.093358,POINT (4.805251 -74.09335799999999)
989,Bogota,C90956,Autopista Medellin . Bogotá Medellín  Km 7,4.781697, -74.171213,POINT (4.781697 -74.17121299999999)
990,Bogota,C90957,Av. NQS con Cl. 102,4.686198, -74.046571,POINT (4.686198 -74.046571)
991,Bogota,C90958,Cr 19 # 33a - 65,4.623499, -74.073601,POINT (4.623499 -74.073601)
992,Bogota,C90959,Cr 12 # 96 - 32,4.680262, -74.046873,POINT (4.680262 -74.04687300000001)
993,Bogota,C90960,Dig 77b # 120a - 40,4.722552, -74.132708,POINT (4.722552 -74.13270799999999)
994,Bogota,C90961,Cl. 100 - 101 entre Cras. 7 a 8B,4.681389, -74.039449,POINT (4.681389 -74.039449)
995,Bogota,C90962,Cl 93 # 19 -75,4.678688, -74.055717,POINT (4.678688 -74.055717)
996,Bogota,C90963,Cl. 33 # 6 -37,4.619124, -74.066501,POINT (4.619124 -74.066501)
997,Bogota,C90964,Cl 92 # 15 - 78,4.676412, -74.053057,POINT (4.676412 -74.053057)
998,Bogota,C90965,Cl 80 # 10 - 79,4.664176, -74.053863,POINT (4.664176 -74.05386300000001)
999,Bogota,C90966,Cl 80 # 10 - 79,4.664176, -74.053863,POINT (4.664176 -74.05386300000001)
1000,Bogota,C90967,Cl 85 # 16a - 41,4.670652, -74.056975,POINT (4.670652 -74.05697499999999)
1001,Bogota,C90968,Cl 19 con Cr 33,4.620877, -74.090684,POINT (4.620877 -74.090684)
1002,Bogota,C90969,Km 55 vía Bogotá Tunja ,5.017997, -73.850009,POINT (5.017997 -73.850009)
1003,Bogota,C90970,Km 55 vía Bogotá Tunja ,5.017997, -73.850009,POINT (5.017997 -73.850009)
1004,Bogota,C90971,Autp. Medellín Km 20 El Rosal,4.844727, -74.264278,POINT (4.844727 -74.264278)
1005,Bogota,C90972,Autp. Medellín Km 20 El Rosal,4.844727, -74.264278,POINT (4.844727 -74.264278)
1006,Bogota,C90973,Cl 153 # 103b - 76,4.754288, -74.091703,POINT (4.754288 -74.091703)
1007,Bogota,C90974,Cr 7 # 116 -50,4.694210, -74.032713,POINT (4.69421 -74.032713)
1008,Bogota,C90975,Cr 7 # 116 -50,4.694210, -74.032713,POINT (4.69421 -74.032713)
1009,Bogota,C90976,Cl 127 # 70G - 68,4.710622, -74.076065,POINT (4.710622 -74.076065)
1010,Bogota,C90977,Km 2.8 Vía Siberia,4.748285, -74.143379,POINT (4.748285 -74.143379)
1011,Bogota,C90978,Km 2.8 Vía Siberia,4.748285, -74.143379,POINT (4.748285 -74.143379)
1012,Bogota,C90979,Cl 127 # 15A - 73,4.704065, -74.044500,POINT (4.704065 -74.0445)
1013,Bogota,C90980,Cr 13 # 41 -05,4.629197, -74.067103,POINT (4.629197 -74.067103)
1014,Bogota,C90981,Cl 13 # 3c - 19 Soacha,4.578584,-74.217242,POINT (4.578584 -74.217242)
1015,Bogota,C90982,Cr 11 con Cl 92 Esquina,4.673352, -74.047986,POINT (4.673352 -74.04798599999999)
1016,Bogota,C90983,Cr 11 con Cl 92 Esquina,4.673352, -74.047986,POINT (4.673352 -74.04798599999999)
1017,Bogota,C90984,Cr 10 # 72 - 80,4.656994, -74.057275,POINT (4.656994 -74.057275)
1018,Bogota,C90985,Cr 19 # 100 - 45,4.686802, -74.052152,POINT (4.686802 -74.05215200000001)
1019,Bogota,C90986,Cr 50 # 11- 65,4.625098, -74.108794,POINT (4.625098 -74.108794)
1020,Bogota,C90987,Av 68 con Esperanza,4.651194, -74.106276,POINT (4.651194 -74.10627599999999)
1021,Bogota,C90988,Cr. 11b #  99 - 55,4.682879, -74.045150,POINT (4.682879 -74.04515000000001)
1022,Bogota,C90989,Cr. 11b #  99 - 55,4.682879, -74.045150,POINT (4.682879 -74.04515000000001)
1023,Bogota,C90990,Cr 7 # 155 - 80,4.730924, -74.023779,POINT (4.730924 -74.023779)
1024,Bogota,C90991,Cl 67 # 11-98,4.653461, -74.062314,POINT (4.653461 -74.062314)
1025,Bogota,C90992,Cl 67 # 11-98,4.653461, -74.062314,POINT (4.653461 -74.062314)
1026,Bogota,C90993,Av 68 con Esperanza,4.651194, -74.106276,POINT (4.651194 -74.10627599999999)
1027,Bogota,C90994,Cr 7 bis # 123 - 43,4.698808, -74.029851,POINT (4.698808 -74.02985099999999)
1028,Bogota,C90995,Cr 7 bis # 123 - 43,4.698808, -74.029851,POINT (4.698808 -74.02985099999999)
1029,Bogota,C90996,Cr 3 con Cl 20,4.603178, -74.067328,POINT (4.603178 -74.067328)
1030,Bogota,C90997,Km 2 Vía Chia Cajicá Costado Occidental,4.882072, -74.038020,POINT (4.882072 -74.03802)
1031,Bogota,C90998,Km 2 Vía Chia Cajicá Costado Occidental,4.882072, -74.038020,POINT (4.882072 -74.03802)
1032,Bogota,C90999,Cl 104 # 23 - 36,4.691313, -74.055687,POINT (4.691313 -74.05568700000001)
1033,Bogota,C91000,Cl 104 # 23 - 36,4.691313, -74.055687,POINT (4.691313 -74.05568700000001)
1034,Bogota,C91001,Av Cr 86 # 63 - 20,4.682246, -74.116594,POINT (4.682246 -74.11659400000001)
1035,Bogota,C91002,Cr 13 # 66 - 26,4.652962, -74.062873,POINT (4.652962 -74.062873)
1036,Bogota,C91003,Cr 14 # 93-88,4.677249, -74.050585,POINT (4.677249 -74.050585)
1037,Bogota,C91004,Av. Cr 72 # 65a - 15,4.680189, -74.100678,POINT (4.680189 -74.100678)
1038,Bogota,C91005,Av. Chilacos con Cr 3,4.869972,-74.053160,POINT (4.869972 -74.05316000000001)
1039,Bogota,C91006,Cr 8c # 188 - 95,4.765447, -74.030038,POINT (4.765447 -74.030038)
1040,Bogota,C91007,Tr.6a # 3 -86 La Calera,4.721298,-73.972853,POINT (4.721298 -73.972853)
1041,Bogota,C91008,Cr 21 # 13a - 04,4.609681, -74.086193,POINT (4.609681 -74.08619299999999)
1042,Bogota,C91009,Cr 21 # 13a - 04,4.609681, -74.086193,POINT (4.609681 -74.08619299999999)
1043,Bogota,C91010,Cl 22 Sur # 24b -60,4.587135, -74.107102,POINT (4.587135 -74.107102)
1044,Bogota,C91011,Cl 22 Sur # 24b -60,4.587135, -74.107102,POINT (4.587135 -74.107102)
1045,Bogota,C91012,Km 27 Vía Cajicá,4.895133, -74.032890,POINT (4.895133 -74.03288999999999)
1046,Bogota,C91013,Av. Chilacos # 1 - 22,4.866298, -74.046113,POINT (4.866298 -74.04611300000001)
1047,Bogota,C91014,Av Medellín Km 2 a 800 m frente a Gerfor,4.751262, -74.135941,POINT (4.751262 -74.135941)
1048,Bogota,C91015,Cl 17 # 123b 96,4.687304, -74.159784,POINT (4.687304 -74.159784)
1049,Bogota,C91016,Km 25 vía Cajicá vía San Jeronimo Cr 5,4.905193, -74.029334,POINT (4.905193 -74.02933400000001)
1050,Bogota,C91017,Km 25 vía Cajicá vía San Jeronimo Cr 5,4.905193, -74.029334,POINT (4.905193 -74.02933400000001)
1051,Bogota,C91018,Km2 Via Briceño Sopó Alpina,4.939828, -73.956539,POINT (4.939828 -73.95653900000001)
1052,Bogota,C91019,Variante Cota Chía ,4.809225, -74.092007,POINT (4.809225 -74.092007)
1053,Bogota,C91020,Bogotá Siberia Km 2 costado sur,4.745987, -74.142563,POINT (4.745987 -74.142563)
1054,Bogota,C91021,Cl 6 # 26 -50,4.604231, -74.094521,POINT (4.604231 -74.094521)
1055,Bogota,C91022,Cr 24 # 73 - 35,4.663792, -74.066437,POINT (4.663792 -74.06643699999999)
1056,Bogota,C91023,Av. Pradilla # 1a - 90 Chía,4.863989, -74.047500,POINT (4.863989 -74.0475)
1057,Bogota,C91024,Av. Boyacá con 152 Costado Oriental,4.738197, -74.065714,POINT (4.738197 -74.065714)
1058,Bogota,C91025,Av. Boyacá con 152 Costado Oriental,4.738197, -74.065714,POINT (4.738197 -74.065714)
1059,Bogota,C91026,Cr 7 bis # 124-59,4.700443, -74.029488,POINT (4.700443 -74.029488)
1060,Bogota,C91027,Cl 72 con Cr 24 Esq.,4.662954, -74.067633,POINT (4.662954 -74.067633)
1061,Bogota,C91028,Cl 79 # 76 -31,4.697316, -74.094071,POINT (4.697316 -74.094071)
1062,Bogota,C91029,C 5 # 5 - 95 Mosquera,4.708844, -74230932,POINT (4.708844 -74230932)
1063,Bogota,C91030,Av 19 Con 127 Bis ,4.699422, -74.050046,POINT (4.699422 -74.05004599999999)
1064,Bogota,C91031,"Av Cl 4 # 21 -33, Zipaquirá",5.016288, -73.997884,POINT (5.016288 -73.997884)
1065,Bogota,C91032,"Av Cl 4 # 21 -33, Zipaquirá",5.016288, -73.997884,POINT (5.016288 -73.997884)
1066,Bogota,C91033,Cl 128c # 47 -62,4.715092, -74.055372,POINT (4.715092 -74.05537200000001)
1067,Bogota,C91034,Cl 167 # 55a - 69,4.750189, -74.056377,POINT (4.750189 -74.056377)
1068,Bogota,C91035,Cl 165 # 45 -30,4.746519, -74.047903,POINT (4.746519 -74.04790300000001)
1069,Bogota,C91036,Cl 165 # 45 -30,4.746519, -74.047903,POINT (4.746519 -74.04790300000001)
1070,Bogota,C91037,Cr 7 # 109 - 39,4.688073, -74.035182,POINT (4.688073 -74.03518200000001)
1071,Bogota,C91038,"Cr 4 # 28 -10 San Mateo, Soacha",4.584311, -74.205999,POINT (4.584311 -74.20599900000001)
1072,Bogota,C91039,Km 2.5 Vía Cajicá- Tabio,4.927259, -74.048458,POINT (4.927259 -74.048458)
1073,Bogota,C91040,Vereda Pueblo Vía Cota Chia,4.839246, -74.084645,POINT (4.839246 -74.08464499999999)
1074,Bogota,C91041,Cr 11 # 90-55,4.672782, -74.048683,POINT (4.672782 -74.048683)
1075,Bogota,C91042,Cl. 18 con Cr. 29 Sur,4.592752, -74.108099,POINT (4.592752 -74.108099)
1076,Bogota,C91043,Cl. 116 # 21-24,4.699314, -74.052970,POINT (4.699314 -74.05297)
1077,Bogota,C91044,Cr 11 # 81-35,4.665439, -74.053376,POINT (4.665439 -74.053376)
1078,Bogota,C91045,Cr 11 # 81-35,4.665439, -74.053376,POINT (4.665439 -74.053376)
1079,Bogota,C91046,Cr 15 # 92-29,4.676160, -74.052469,POINT (4.67616 -74.052469)
1080,Bogota,C91047,Cr 7 # 155-80,4.730924, -74.023779,POINT (4.730924 -74.023779)
1081,Bogota,C91048,Cr 7 # 158-51,4.734372, -74.024580,POINT (4.734372 -74.02458)
1082,Bogota,C91049,Cl. 4 # 32-100 Zipaquirá,5.010594, -73.989827,POINT (5.010594 -73.98982700000001)
1083,Bogota,C91050,Cr 18 # 14 - 04,4.607398, -74.082611,POINT (4.607398 -74.082611)
1084,Bogota,C91051,Cr 18 # 14 - 04,4.607398, -74.082611,POINT (4.607398 -74.082611)
1085,Bogota,C91052,Variante Cota Chía 100 mts al norte de la glorieta,4.803126, -74.095955,POINT (4.803126 -74.095955)
1086,Bogota,C91053,"Autop. Medellín- Km. 8,5 ",4.779440, -74.183059,POINT (4.77944 -74.183059)
1087,Bogota,C91054,Cl 60a con Transv.2 Este,4.641914, -74.054851,POINT (4.641914 -74.054851)
1088,Bogota,C91055,Av.2 # 9a -29 La Calera,4.721359, -73.965591,POINT (4.721359 -73.965591)
1089,Bogota,C91056,Cra. 96 # 25g-40,4.682877, -74.123987,POINT (4.682877 -74.123987)
1090,Bogota,C91057,Cr. 16 # 97 -36,4.682901, -74.048895,POINT (4.682901 -74.048895)
1091,Bogota,C91058,Cr 27 # 31a-36 Sur,4.588138,-74.116865,POINT (4.588138 -74.116865)
1092,Bogota,C91059,Cr 5 # 45-25,4.631324, -74.062443,POINT (4.631324 -74.062443)
1093,Bogota,C91060,Cl. 121 # 7a - 23,4.698186, -74.032153,POINT (4.698186 -74.03215299999999)
1094,Bogota,C91061,Cr 85d # 46a - 96 L1,4.678726, -74.115057,POINT (4.678726 -74.11505699999999)
1095,Bogota,C91062,Cl 2 # 3 - 41 Cajicá,4.916442, -74.024766,POINT (4.916442 -74.024766)
1096,Bogota,C91063,Cl 2 # 3 - 41 Cajicá,4.916442, -74.024766,POINT (4.916442 -74.024766)
1097,Bogota,C91064,Cl 2 # 3 - 41 Cajicá,4.916442, -74.024766,POINT (4.916442 -74.024766)
1098,Bogota,C91065,Cl. 18 # 77- 51,4.653801, -74.130179,POINT (4.653801 -74.130179)
1099,Bogota,C91066,Cl. 18 # 77- 51,4.653801, -74.130179,POINT (4.653801 -74.130179)
1100,Bogota,C91067,Av Troncal de Occidente frente a Doria,4.696878, -74.218741,POINT (4.696878 -74.21874099999999)
1101,Bogota,C91068,Cr 2 # 9-24 La Calera,4.720800, -73.966028,POINT (4.7208 -73.96602799999999)
1102,Bogota,C91069,Av Cr 9 # 100-77,4.685788, -74.047318,POINT (4.685788 -74.047318)
1103,Bogota,C91070,Av Cr 9 # 100-77,4.685788, -74.047318,POINT (4.685788 -74.047318)
1104,Bogota,C91071,Cr. 11 # 79 -75,4.664190, -74.054176,POINT (4.66419 -74.054176)
1105,Bogota,C91072,Cr. 11 # 79 -75,4.664190, -74.054176,POINT (4.66419 -74.054176)
1106,Bogota,C91073,Cl.139 # 96A-35,4.7387,-74.0920,POINT (4.7387 -74.092)
1107,Bogota,C91074,Km 22 vía Tunja Vereda Canavíta,4.944272, -73.945790,POINT (4.944272 -73.94579)
1108,Bogota,C91075,Cr14 # 71 - 98,4.658344, -74.061741,POINT (4.658344 -74.061741)
1109,Bogota,C91076,Cr 11 # Cl 93a -08 Esquina,4.675656, -74.046759,POINT (4.675656 -74.04675899999999)
1110,Bogota,C91077,Cr 38 Con Cl 12y 12 a,4.618952, -74.100245,POINT (4.618952 -74.100245)
1111,Bogota,C91078,Cl 12 # 15-65,4.604701, -74.081508,POINT (4.604701 -74.081508)
1112,Bogota,C91079,Vía Zipaquirá Ubaté con Cl 8,5.027380, -73.981013,POINT (5.02738 -73.981013)
1113,Bogota,C91080,Autosur con Cr 67,4.595748, -74.159145,POINT (4.595748 -74.159145)
1114,Bogota,C91081,Cr 106 # 15a -25,4.675155, -74.155018,POINT (4.675155 -74.155018)
1115,Bogota,C91082,Cr 106 # 15a -25,4.675155, -74.155018,POINT (4.675155 -74.155018)
1116,Bogota,C91083,Cl 91 con Cr 19c,4.677254, -74.057367,POINT (4.677254 -74.057367)
1117,Bogota,C91084,Av Cr 86 # 63-20,4.682246, -74.116594,POINT (4.682246 -74.11659400000001)
1118,Bogota,C91085,Autopista Troncal de Occidente Km 1.5,4.699463, -74.193698,POINT (4.699463 -74.193698)
1119,Bogota,C91086,Av Cr. 20 # 88 -20,4.676019, -74.058460,POINT (4.676019 -74.05846)
1120,Bogota,C91087,Cl 93 # 15-73,4.677125, -74.052770,POINT (4.677125 -74.05277)
1121,Bogota,C91088,Cl 72a # 61- 14,4.673451, -74.079991,POINT (4.673451 -74.07999100000001)
1122,Bogota,C91089,Autopista Medellín Km 2.2 del Puente de Guadua,4.749057, -74.143721,POINT (4.749057 -74.143721)
1123,Bogota,C91090,Av. Pradilla # 6  - 59E Chía,4.865391, -74.038609,POINT (4.865391 -74.03860899999999)
1124,Bogota,C91091,Cl 125 # 21a -61,4.705027, -74.052586,POINT (4.705027 -74.05258600000001)
1125,Bogota,C91092,Cl 63d # 28a-38,4.656036, -74.077490,POINT (4.656036 -74.07749)
1126,Bogota,C91093,Av.El Dorado # 78 -20,4.673085, -74.115133,POINT (4.673085 -74.115133)
1127,Bogota,C91094,Av.El Dorado # 78 -20,4.673085, -74.115133,POINT (4.673085 -74.115133)
1128,Bogota,C91095,Mosquera vía La Mesa,4.700245, -74.236660,POINT (4.700245 -74.23666)
1129,Bogota,C91096,Mosquera vía La Mesa,4.700245, -74.236660,POINT (4.700245 -74.23666)
1130,Bogota,C91097,Av. Boyaca con Cl 152,4.738486, -74.066155,POINT (4.738486 -74.06615499999999)
1131,Bogota,C91098,Cl 104 # 23-36,4.691313, -74.055687,POINT (4.691313 -74.05568700000001)
1132,Bogota,C91099,Cl 104 # 23-36,4.691313, -74.055687,POINT (4.691313 -74.05568700000001)
1133,Bogota,C91100,Av. El Dorado con Cra. 92,4.683916, -74.120647,POINT (4.683916 -74.12064700000001)
1134,Bogota,C91101,Cl 125 # 19 -67,4.704533, -74.049382,POINT (4.704533 -74.04938199999999)
1135,Bogota,C91102,Cl 125 # 19 -67,4.704533, -74.049382,POINT (4.704533 -74.04938199999999)
